{
    "loss": 0.04182956740260124,
    "accuracy": 0.9784946441650391
}