{
    "loss": 8.514039993286133,
    "accuracy": 0.49462366104125977
}