{
    "loss": 2.385807752609253,
    "accuracy": 0.8494623899459839
}